epoch,train_loss,valid_loss,roc_auc_score,roc_auc_score,time
0,0.33950239419937134,0.5314769744873047,[0.8223498  0.55025102 0.80354567 0.66931918 0.63909417 0.78641657
 0.66411353 0.63666264 0.61683463 0.66820693 0.83437836 0.58484311
 0.64246809 0.81944628],0.7481633017712942,37:15
1,0.3234676122665405,0.5390514731407166,[0.84878922 0.58556396 0.82604493 0.70079609 0.69258723 0.81430757
 0.68810767 0.70558456 0.62680025 0.80130871 0.85666442 0.70899608
 0.64481063 0.85055882],0.7802037952164582,37:00
2,0.2941284775733948,0.447499543428421,[0.86285201 0.63398286 0.84592491 0.7184037  0.72788647 0.83416874
 0.71634902 0.73291026 0.66878649 0.82666951 0.87318174 0.74990316
 0.68947687 0.8675907 ],0.8015945616650956,37:25
