epoch,train_loss,valid_loss,accuracy_multi,roc_auc_score,time
0,0.37165385484695435,0.3693367838859558,0.9384422302246094,0.7162176577098455,29:39
1,0.3715689480304718,0.36859259009361267,0.9399369955062866,0.7205769184916934,29:36
2,0.37518179416656494,0.3708914816379547,0.9393895864486694,0.7293038433329591,29:07
3,0.37719330191612244,0.38428249955177307,0.936244010925293,0.6773342349831858,29:01
4,0.3761899173259735,0.8348020315170288,0.9301609396934509,0.692851703538319,28:53
5,0.3790331482887268,0.43173205852508545,0.9365128874778748,0.7100354546987451,29:04
6,0.3755510449409485,0.4219554364681244,0.9365907311439514,0.7098685952562175,28:48
