epoch,train_loss,valid_loss,roc_auc_score,roc_auc_score,time
0,0.3052733838558197,0.36719268560409546,[0.86106396 0.61039306 0.83027027 0.7072171  0.69723346 0.82611644
 0.68575248 0.70746735 0.65462108 0.81234011 0.8654134  0.72607464
 0.65764774 0.85828228],0.7897068995164116,35:53
