epoch,train_loss,valid_loss,accuracy_multi,roc_auc_score,time
0,0.37105393409729004,0.3649861514568329,0.9401519298553467,0.7715282117629096,20:07
